id;code;action;email;created_time;used
1;definition payment;ACTIVATION;Lisette.Hahn@gmail.com;2020-08-18T19:37:49;false
2;driver leverage;WITHDRAWAL;Aniyah41@gmail.com;2020-08-18T04:08:28;false
3;open-source Steel calculate;ACTIVATION;Katheryn_Mertz53@hotmail.com;2020-08-18T09:21:56;false
4;invoice XML Isle;RESET_PASSWORD;Orville.Miller77@gmail.com;2020-08-18T02:36:30;false
5;Cambridgeshire;WITHDRAWAL;Diamond36@gmail.com;2020-08-18T16:14:39;true
6;lavender eyeballs;RESET_PASSWORD;Zoie_Watsica@yahoo.com;2020-08-17T22:49:57;false
7;cross-media Sausages;ACTIVATION;Marjolaine.Batz24@yahoo.com;2020-08-17T21:58:19;true
8;full-range Unbranded Soft Fish Legacy;WITHDRAWAL;Lucio26@hotmail.com;2020-08-18T05:16:49;false
9;global Savings Account;ACTIVATION;Sydnie24@gmail.com;2020-08-17T20:58:59;true
10;Configuration Tasty Cotton Soap;RESET_PASSWORD;Raleigh_Pacocha@yahoo.com;2020-08-18T07:18:56;true
